calendar_date,facility_id,facility_name,service_id,service_name,average_census,peak_census,staffed_beds,average_utilization,peak_utilization,pressure_level,above_85_percent,above_90_percent,above_95_percent
2025-01-01 00:00:00,FAC-001,North General Hospital,SVC-CHD,Child Health,18.166666666666668,22,19,0.9561403508771931,1.1578947368421053,Critical,true,true,true
2025-01-01 00:00:00,FAC-001,North General Hospital,SVC-MAT,Maternal Care,25.041666666666668,28,21,1.1924603174603174,1.3333333333333333,Critical,true,true,true
2025-01-01 00:00:00,FAC-001,North General Hospital,SVC-MED,General Medicine,24.666666666666668,26,42,0.5873015873015873,0.6190476190476191,Normal,false,false,false
2025-01-01 00:00:00,FAC-001,North General Hospital,SVC-MHU,Mental Health,23.041666666666668,28,14,1.6458333333333335,2.0,Critical,true,true,true
2025-01-01 00:00:00,FAC-001,North General Hospital,SVC-SRG,General Surgery,27.583333333333332,31,29,0.9511494252873562,1.0689655172413792,Critical,true,true,true
2025-01-01 00:00:00,FAC-002,Central Community Hospital,SVC-CHD,Child Health,8.916666666666666,10,14,0.6369047619047619,0.7142857142857143,Normal,false,false,false
2025-01-01 00:00:00,FAC-002,Central Community Hospital,SVC-MAT,Maternal Care,16.791666666666668,18,16,1.0494791666666667,1.125,Critical,true,true,true
2025-01-01 00:00:00,FAC-002,Central Community Hospital,SVC-MED,General Medicine,21.125,23,32,0.66015625,0.71875,Normal,false,false,false
2025-01-01 00:00:00,FAC-002,Central Community Hospital,SVC-MHU,Mental Health,14.916666666666666,17,12,1.2430555555555556,1.4166666666666667,Critical,true,true,true
2025-01-01 00:00:00,FAC-002,Central Community Hospital,SVC-SRG,General Surgery,14.041666666666666,17,24,0.5850694444444444,0.7083333333333334,Normal,false,false,false
2025-01-01 00:00:00,FAC-003,South Medical Center,SVC-CHD,Child Health,8.833333333333334,14,12,0.7361111111111112,1.1666666666666667,Critical,true,true,true
2025-01-01 00:00:00,FAC-003,South Medical Center,SVC-MAT,Maternal Care,15.0,16,14,1.0714285714285714,1.1428571428571428,Critical,true,true,true
2025-01-01 00:00:00,FAC-003,South Medical Center,SVC-MED,General Medicine,22.0,23,28,0.7857142857142857,0.8214285714285714,Normal,false,false,false
2025-01-01 00:00:00,FAC-003,South Medical Center,SVC-MHU,Mental Health,12.625,13,11,1.1477272727272727,1.1818181818181819,Critical,true,true,true
2025-01-01 00:00:00,FAC-003,South Medical Center,SVC-SRG,General Surgery,17.958333333333332,19,20,0.8979166666666666,0.95,Critical,true,true,true
2025-01-02 00:00:00,FAC-001,North General Hospital,SVC-CHD,Child Health,19.75,21,17,1.161764705882353,1.2352941176470589,Critical,true,true,true
2025-01-02 00:00:00,FAC-001,North General Hospital,SVC-MAT,Maternal Care,29.625,32,21,1.4107142857142858,1.5238095238095237,Critical,true,true,true
2025-01-02 00:00:00,FAC-001,North General Hospital,SVC-MED,General Medicine,24.583333333333332,27,41,0.5995934959349594,0.6585365853658537,Normal,false,false,false
2025-01-02 00:00:00,FAC-001,North General Hospital,SVC-MHU,Mental Health,28.583333333333332,30,16,1.7864583333333333,1.875,Critical,true,true,true
2025-01-02 00:00:00,FAC-001,North General Hospital,SVC-SRG,General Surgery,26.0,27,30,0.8666666666666667,0.9,Severe,true,true,false
2025-01-02 00:00:00,FAC-002,Central Community Hospital,SVC-CHD,Child Health,10.875,12,16,0.6796875,0.75,Normal,false,false,false
2025-01-02 00:00:00,FAC-002,Central Community Hospital,SVC-MAT,Maternal Care,18.791666666666668,22,16,1.1744791666666667,1.375,Critical,true,true,true
2025-01-02 00:00:00,FAC-002,Central Community Hospital,SVC-MED,General Medicine,22.875,25,33,0.6931818181818182,0.7575757575757576,Normal,false,false,false
2025-01-02 00:00:00,FAC-002,Central Community Hospital,SVC-MHU,Mental Health,16.25,17,12,1.3541666666666667,1.4166666666666667,Critical,true,true,true
2025-01-02 00:00:00,FAC-002,Central Community Hospital,SVC-SRG,General Surgery,17.958333333333332,20,23,0.7807971014492753,0.8695652173913043,High,true,false,false
2025-01-02 00:00:00,FAC-003,South Medical Center,SVC-CHD,Child Health,16.25,19,12,1.3541666666666667,1.5833333333333333,Critical,true,true,true
2025-01-02 00:00:00,FAC-003,South Medical Center,SVC-MAT,Maternal Care,11.625,14,13,0.8942307692307693,1.0769230769230769,Critical,true,true,true
2025-01-02 00:00:00,FAC-003,South Medical Center,SVC-MED,General Medicine,24.125,27,27,0.8935185185185185,1.0,Critical,true,true,true
2025-01-02 00:00:00,FAC-003,South Medical Center,SVC-MHU,Mental Health,12.791666666666666,13,11,1.1628787878787878,1.1818181818181819,Critical,true,true,true
2025-01-02 00:00:00,FAC-003,South Medical Center,SVC-SRG,General Surgery,17.375,20,20,0.86875,1.0,Critical,true,true,true
2025-01-03 00:00:00,FAC-001,North General Hospital,SVC-CHD,Child Health,17.0,19,17,1.0,1.1176470588235294,Critical,true,true,true
2025-01-03 00:00:00,FAC-001,North General Hospital,SVC-MAT,Maternal Care,28.0,30,19,1.4736842105263157,1.5789473684210527,Critical,true,true,true
2025-01-03 00:00:00,FAC-001,North General Hospital,SVC-MED,General Medicine,28.458333333333332,30,44,0.646780303030303,0.6818181818181818,Normal,false,false,false
2025-01-03 00:00:00,FAC-001,North General Hospital,SVC-MHU,Mental Health,28.541666666666668,31,17,1.678921568627451,1.8235294117647058,Critical,true,true,true
2025-01-03 00:00:00,FAC-001,North General Hospital,SVC-SRG,General Surgery,27.291666666666668,29,30,0.9097222222222222,0.9666666666666667,Critical,true,true,true
2025-01-03 00:00:00,FAC-002,Central Community Hospital,SVC-CHD,Child Health,7.75,8,14,0.5535714285714286,0.5714285714285714,Normal,false,false,false
2025-01-03 00:00:00,FAC-002,Central Community Hospital,SVC-MAT,Maternal Care,14.5,18,15,0.9666666666666667,1.2,Critical,true,true,true
2025-01-03 00:00:00,FAC-002,Central Community Hospital,SVC-MED,General Medicine,26.833333333333332,29,35,0.7666666666666666,0.8285714285714286,Normal,false,false,false
2025-01-03 00:00:00,FAC-002,Central Community Hospital,SVC-MHU,Mental Health,17.458333333333332,19,13,1.3429487179487178,1.4615384615384615,Critical,true,true,true
2025-01-03 00:00:00,FAC-002,Central Community Hospital,SVC-SRG,General Surgery,18.833333333333332,21,24,0.7847222222222222,0.875,High,true,false,false
2025-01-03 00:00:00,FAC-003,South Medical Center,SVC-CHD,Child Health,14.375,18,11,1.3068181818181819,1.6363636363636365,Critical,true,true,true
2025-01-03 00:00:00,FAC-003,South Medical Center,SVC-MAT,Maternal Care,11.25,13,13,0.8653846153846154,1.0,Critical,true,true,true
2025-01-03 00:00:00,FAC-003,South Medical Center,SVC-MED,General Medicine,27.041666666666668,28,28,0.9657738095238095,1.0,Critical,true,true,true
2025-01-03 00:00:00,FAC-003,South Medical Center,SVC-MHU,Mental Health,14.166666666666666,15,11,1.2878787878787878,1.3636363636363635,Critical,true,true,true
2025-01-03 00:00:00,FAC-003,South Medical Center,SVC-SRG,General Surgery,17.375,20,20,0.86875,1.0,Critical,true,true,true
2025-01-04 00:00:00,FAC-001,North General Hospital,SVC-CHD,Child Health,17.0,19,17,1.0,1.1176470588235294,Critical,true,true,true
2025-01-04 00:00:00,FAC-001,North General Hospital,SVC-MAT,Maternal Care,20.25,25,19,1.0657894736842106,1.3157894736842106,Critical,true,true,true
2025-01-04 00:00:00,FAC-001,North General Hospital,SVC-MED,General Medicine,33.875,38,40,0.846875,0.95,Critical,true,true,true
2025-01-04 00:00:00,FAC-001,North General Hospital,SVC-MHU,Mental Health,26.75,28,15,1.7833333333333334,1.8666666666666667,Critical,true,true,true
2025-01-04 00:00:00,FAC-001,North General Hospital,SVC-SRG,General Surgery,27.166666666666668,29,29,0.9367816091954023,1.0,Critical,true,true,true
2025-01-04 00:00:00,FAC-002,Central Community Hospital,SVC-CHD,Child Health,9.5,12,12,0.7916666666666666,1.0,Critical,true,true,true
2025-01-04 00:00:00,FAC-002,Central Community Hospital,SVC-MAT,Maternal Care,14.291666666666666,16,15,0.9527777777777777,1.0666666666666667,Critical,true,true,true
2025-01-04 00:00:00,FAC-002,Central Community Hospital,SVC-MED,General Medicine,24.875,26,32,0.77734375,0.8125,Normal,false,false,false
2025-01-04 00:00:00,FAC-002,Central Community Hospital,SVC-MHU,Mental Health,15.208333333333334,17,12,1.2673611111111112,1.4166666666666667,Critical,true,true,true
2025-01-04 00:00:00,FAC-002,Central Community Hospital,SVC-SRG,General Surgery,16.416666666666668,17,23,0.713768115942029,0.7391304347826086,Normal,false,false,false
2025-01-04 00:00:00,FAC-003,South Medical Center,SVC-CHD,Child Health,16.375,17,12,1.3645833333333333,1.4166666666666667,Critical,true,true,true
2025-01-04 00:00:00,FAC-003,South Medical Center,SVC-MAT,Maternal Care,15.0,19,11,1.3636363636363635,1.7272727272727273,Critical,true,true,true
2025-01-04 00:00:00,FAC-003,South Medical Center,SVC-MED,General Medicine,25.416666666666668,28,25,1.0166666666666666,1.12,Critical,true,true,true
2025-01-04 00:00:00,FAC-003,South Medical Center,SVC-MHU,Mental Health,14.0,14,11,1.2727272727272727,1.2727272727272727,Critical,true,true,true
2025-01-04 00:00:00,FAC-003,South Medical Center,SVC-SRG,General Surgery,16.416666666666668,18,18,0.9120370370370371,1.0,Critical,true,true,true
2025-01-05 00:00:00,FAC-001,North General Hospital,SVC-CHD,Child Health,16.458333333333332,18,17,0.9681372549019607,1.0588235294117647,Critical,true,true,true
2025-01-05 00:00:00,FAC-001,North General Hospital,SVC-MAT,Maternal Care,18.458333333333332,20,19,0.9714912280701754,1.0526315789473684,Critical,true,true,true
2025-01-05 00:00:00,FAC-001,North General Hospital,SVC-MED,General Medicine,39.583333333333336,43,38,1.0416666666666667,1.131578947368421,Critical,true,true,true
2025-01-05 00:00:00,FAC-001,North General Hospital,SVC-MHU,Mental Health,28.833333333333332,31,16,1.8020833333333333,1.9375,Critical,true,true,true
2025-01-05 00:00:00,FAC-001,North General Hospital,SVC-SRG,General Surgery,30.541666666666668,33,28,1.0907738095238095,1.1785714285714286,Critical,true,true,true
2025-01-05 00:00:00,FAC-002,Central Community Hospital,SVC-CHD,Child Health,13.25,14,13,1.0192307692307692,1.0769230769230769,Critical,true,true,true
2025-01-05 00:00:00,FAC-002,Central Community Hospital,SVC-MAT,Maternal Care,17.625,21,16,1.1015625,1.3125,Critical,true,true,true
2025-01-05 00:00:00,FAC-002,Central Community Hospital,SVC-MED,General Medicine,23.958333333333332,25,32,0.7486979166666666,0.78125,Normal,false,false,false
2025-01-05 00:00:00,FAC-002,Central Community Hospital,SVC-MHU,Mental Health,12.791666666666666,14,12,1.065972222222222,1.1666666666666667,Critical,true,true,true
2025-01-05 00:00:00,FAC-002,Central Community Hospital,SVC-SRG,General Surgery,17.125,20,22,0.7784090909090909,0.9090909090909091,Severe,true,true,false
2025-01-05 00:00:00,FAC-003,South Medical Center,SVC-CHD,Child Health,14.083333333333334,17,10,1.4083333333333334,1.7,Critical,true,true,true
2025-01-05 00:00:00,FAC-003,South Medical Center,SVC-MAT,Maternal Care,17.208333333333332,18,13,1.3237179487179487,1.3846153846153846,Critical,true,true,true
2025-01-05 00:00:00,FAC-003,South Medical Center,SVC-MED,General Medicine,25.5,29,24,1.0625,1.2083333333333333,Critical,true,true,true
2025-01-05 00:00:00,FAC-003,South Medical Center,SVC-MHU,Mental Health,16.208333333333332,17,10,1.6208333333333331,1.7,Critical,true,true,true
2025-01-05 00:00:00,FAC-003,South Medical Center,SVC-SRG,General Surgery,16.708333333333332,18,17,0.9828431372549019,1.0588235294117647,Critical,true,true,true
2025-01-06 00:00:00,FAC-001,North General Hospital,SVC-CHD,Child Health,18.541666666666668,20,18,1.0300925925925926,1.1111111111111112,Critical,true,true,true
2025-01-06 00:00:00,FAC-001,North General Hospital,SVC-MAT,Maternal Care,17.916666666666668,21,21,0.8531746031746033,1.0,Critical,true,true,true
2025-01-06 00:00:00,FAC-001,North General Hospital,SVC-MED,General Medicine,33.708333333333336,38,43,0.7839147286821706,0.8837209302325582,High,true,false,false
2025-01-06 00:00:00,FAC-001,North General Hospital,SVC-MHU,Mental Health,26.958333333333332,30,16,1.6848958333333333,1.875,Critical,true,true,true
2025-01-06 00:00:00,FAC-001,North General Hospital,SVC-SRG,General Surgery,33.458333333333336,35,30,1.1152777777777778,1.1666666666666667,Critical,true,true,true
2025-01-06 00:00:00,FAC-002,Central Community Hospital,SVC-CHD,Child Health,14.291666666666666,16,14,1.0208333333333333,1.1428571428571428,Critical,true,true,true
2025-01-06 00:00:00,FAC-002,Central Community Hospital,SVC-MAT,Maternal Care,20.75,23,16,1.296875,1.4375,Critical,true,true,true
2025-01-06 00:00:00,FAC-002,Central Community Hospital,SVC-MED,General Medicine,20.708333333333332,22,34,0.6090686274509803,0.6470588235294118,Normal,false,false,false
2025-01-06 00:00:00,FAC-002,Central Community Hospital,SVC-MHU,Mental Health,14.166666666666666,16,12,1.1805555555555556,1.3333333333333333,Critical,true,true,true
2025-01-06 00:00:00,FAC-002,Central Community Hospital,SVC-SRG,General Surgery,18.166666666666668,20,23,0.7898550724637682,0.8695652173913043,High,true,false,false
2025-01-06 00:00:00,FAC-003,South Medical Center,SVC-CHD,Child Health,14.458333333333334,17,12,1.2048611111111112,1.4166666666666667,Critical,true,true,true
2025-01-06 00:00:00,FAC-003,South Medical Center,SVC-MAT,Maternal Care,18.166666666666668,22,13,1.3974358974358976,1.6923076923076923,Critical,true,true,true
2025-01-06 00:00:00,FAC-003,South Medical Center,SVC-MED,General Medicine,33.541666666666664,36,28,1.1979166666666665,1.2857142857142858,Critical,true,true,true
2025-01-06 00:00:00,FAC-003,South Medical Center,SVC-MHU,Mental Health,16.083333333333332,18,11,1.462121212121212,1.6363636363636365,Critical,true,true,true
2025-01-06 00:00:00,FAC-003,South Medical Center,SVC-SRG,General Surgery,18.416666666666668,20,19,0.9692982456140351,1.0526315789473684,Critical,true,true,true
2025-01-07 00:00:00,FAC-001,North General Hospital,SVC-CHD,Child Health,19.541666666666668,22,18,1.0856481481481481,1.2222222222222223,Critical,true,true,true
2025-01-07 00:00:00,FAC-001,North General Hospital,SVC-MAT,Maternal Care,16.375,20,20,0.81875,1.0,Critical,true,true,true
2025-01-07 00:00:00,FAC-001,North General Hospital,SVC-MED,General Medicine,32.916666666666664,34,43,0.7655038759689922,0.7906976744186046,Normal,false,false,false
2025-01-07 00:00:00,FAC-001,North General Hospital,SVC-MHU,Mental Health,22.041666666666668,23,14,1.574404761904762,1.6428571428571428,Critical,true,true,true
2025-01-07 00:00:00,FAC-001,North General Hospital,SVC-SRG,General Surgery,29.875,32,30,0.9958333333333333,1.0666666666666667,Critical,true,true,true
2025-01-07 00:00:00,FAC-002,Central Community Hospital,SVC-CHD,Child Health,10.875,13,13,0.8365384615384616,1.0,Critical,true,true,true
2025-01-07 00:00:00,FAC-002,Central Community Hospital,SVC-MAT,Maternal Care,16.208333333333332,19,16,1.0130208333333333,1.1875,Critical,true,true,true
2025-01-07 00:00:00,FAC-002,Central Community Hospital,SVC-MED,General Medicine,22.541666666666668,24,32,0.7044270833333334,0.75,Normal,false,false,false
2025-01-07 00:00:00,FAC-002,Central Community Hospital,SVC-MHU,Mental Health,18.625,19,12,1.5520833333333333,1.5833333333333333,Critical,true,true,true
2025-01-07 00:00:00,FAC-002,Central Community Hospital,SVC-SRG,General Surgery,20.916666666666668,26,23,0.9094202898550725,1.1304347826086956,Critical,true,true,true
2025-01-07 00:00:00,FAC-003,South Medical Center,SVC-CHD,Child Health,15.625,17,11,1.4204545454545454,1.5454545454545454,Critical,true,true,true
2025-01-07 00:00:00,FAC-003,South Medical Center,SVC-MAT,Maternal Care,22.625,25,14,1.6160714285714286,1.7857142857142858,Critical,true,true,true
2025-01-07 00:00:00,FAC-003,South Medical Center,SVC-MED,General Medicine,34.375,36,27,1.2731481481481481,1.3333333333333333,Critical,true,true,true
2025-01-07 00:00:00,FAC-003,South Medical Center,SVC-MHU,Mental Health,16.666666666666668,17,9,1.851851851851852,1.8888888888888888,Critical,true,true,true
2025-01-07 00:00:00,FAC-003,South Medical Center,SVC-SRG,General Surgery,14.708333333333334,20,21,0.7003968253968255,0.9523809523809523,Critical,true,true,true
2025-01-08 00:00:00,FAC-001,North General Hospital,SVC-CHD,Child Health,18.25,20,18,1.0138888888888888,1.1111111111111112,Critical,true,true,true
2025-01-08 00:00:00,FAC-001,North General Hospital,SVC-MAT,Maternal Care,21.625,25,21,1.0297619047619047,1.1904761904761905,Critical,true,true,true
2025-01-08 00:00:00,FAC-001,North General Hospital,SVC-MED,General Medicine,36.791666666666664,42,42,0.8759920634920635,1.0,Critical,true,true,true
2025-01-08 00:00:00,FAC-001,North General Hospital,SVC-MHU,Mental Health,22.5,24,14,1.6071428571428572,1.7142857142857142,Critical,true,true,true
2025-01-08 00:00:00,FAC-001,North General Hospital,SVC-SRG,General Surgery,28.625,31,29,0.9870689655172413,1.0689655172413792,Critical,true,true,true
2025-01-08 00:00:00,FAC-002,Central Community Hospital,SVC-CHD,Child Health,8.125,9,14,0.5803571428571429,0.6428571428571429,Normal,false,false,false
2025-01-08 00:00:00,FAC-002,Central Community Hospital,SVC-MAT,Maternal Care,17.666666666666668,21,15,1.1777777777777778,1.4,Critical,true,true,true
2025-01-08 00:00:00,FAC-002,Central Community Hospital,SVC-MED,General Medicine,21.166666666666668,22,34,0.6225490196078431,0.6470588235294118,Normal,false,false,false
2025-01-08 00:00:00,FAC-002,Central Community Hospital,SVC-MHU,Mental Health,18.166666666666668,19,13,1.3974358974358976,1.4615384615384615,Critical,true,true,true
2025-01-08 00:00:00,FAC-002,Central Community Hospital,SVC-SRG,General Surgery,23.041666666666668,26,24,0.9600694444444445,1.0833333333333333,Critical,true,true,true
2025-01-08 00:00:00,FAC-003,South Medical Center,SVC-CHD,Child Health,14.125,17,12,1.1770833333333333,1.4166666666666667,Critical,true,true,true
2025-01-08 00:00:00,FAC-003,South Medical Center,SVC-MAT,Maternal Care,19.75,21,15,1.3166666666666667,1.4,Critical,true,true,true
2025-01-08 00:00:00,FAC-003,South Medical Center,SVC-MED,General Medicine,31.625,33,27,1.1712962962962963,1.2222222222222223,Critical,true,true,true
2025-01-08 00:00:00,FAC-003,South Medical Center,SVC-MHU,Mental Health,15.208333333333334,16,10,1.5208333333333335,1.6,Critical,true,true,true
2025-01-08 00:00:00,FAC-003,South Medical Center,SVC-SRG,General Surgery,9.833333333333334,13,20,0.4916666666666667,0.65,Normal,false,false,false
2025-01-09 00:00:00,FAC-001,North General Hospital,SVC-CHD,Child Health,22.75,24,18,1.2638888888888888,1.3333333333333333,Critical,true,true,true
2025-01-09 00:00:00,FAC-001,North General Hospital,SVC-MAT,Maternal Care,29.0,32,21,1.380952380952381,1.5238095238095237,Critical,true,true,true
2025-01-09 00:00:00,FAC-001,North General Hospital,SVC-MED,General Medicine,45.708333333333336,48,41,1.1148373983739839,1.170731707317073,Critical,true,true,true
2025-01-09 00:00:00,FAC-001,North General Hospital,SVC-MHU,Mental Health,19.166666666666668,22,17,1.1274509803921569,1.2941176470588236,Critical,true,true,true
2025-01-09 00:00:00,FAC-001,North General Hospital,SVC-SRG,General Surgery,25.625,28,30,0.8541666666666666,0.9333333333333333,Severe,true,true,false
2025-01-09 00:00:00,FAC-002,Central Community Hospital,SVC-CHD,Child Health,7.833333333333333,9,13,0.6025641025641025,0.6923076923076923,Normal,false,false,false
2025-01-09 00:00:00,FAC-002,Central Community Hospital,SVC-MAT,Maternal Care,18.5,20,15,1.2333333333333334,1.3333333333333333,Critical,true,true,true
2025-01-09 00:00:00,FAC-002,Central Community Hospital,SVC-MED,General Medicine,24.875,27,34,0.7316176470588235,0.7941176470588235,Normal,false,false,false
2025-01-09 00:00:00,FAC-002,Central Community Hospital,SVC-MHU,Mental Health,19.041666666666668,21,12,1.5868055555555556,1.75,Critical,true,true,true
2025-01-09 00:00:00,FAC-002,Central Community Hospital,SVC-SRG,General Surgery,22.958333333333332,24,25,0.9183333333333333,0.96,Critical,true,true,true
2025-01-09 00:00:00,FAC-003,South Medical Center,SVC-CHD,Child Health,12.25,14,12,1.0208333333333333,1.1666666666666667,Critical,true,true,true
2025-01-09 00:00:00,FAC-003,South Medical Center,SVC-MAT,Maternal Care,19.541666666666668,21,13,1.5032051282051282,1.6153846153846154,Critical,true,true,true
2025-01-09 00:00:00,FAC-003,South Medical Center,SVC-MED,General Medicine,27.625,32,27,1.0231481481481481,1.1851851851851851,Critical,true,true,true
2025-01-09 00:00:00,FAC-003,South Medical Center,SVC-MHU,Mental Health,13.625,16,9,1.5138888888888888,1.7777777777777777,Critical,true,true,true
2025-01-09 00:00:00,FAC-003,South Medical Center,SVC-SRG,General Surgery,13.0,14,18,0.7222222222222222,0.7777777777777778,Normal,false,false,false
2025-01-10 00:00:00,FAC-001,North General Hospital,SVC-CHD,Child Health,24.5,26,19,1.2894736842105263,1.368421052631579,Critical,true,true,true
2025-01-10 00:00:00,FAC-001,North General Hospital,SVC-MAT,Maternal Care,32.416666666666664,35,22,1.4734848484848484,1.5909090909090908,Critical,true,true,true
2025-01-10 00:00:00,FAC-001,North General Hospital,SVC-MED,General Medicine,41.166666666666664,46,41,1.0040650406504064,1.1219512195121952,Critical,true,true,true
2025-01-10 00:00:00,FAC-001,North General Hospital,SVC-MHU,Mental Health,17.916666666666668,19,19,0.9429824561403509,1.0,Critical,true,true,true
2025-01-10 00:00:00,FAC-001,North General Hospital,SVC-SRG,General Surgery,26.5,29,30,0.8833333333333333,0.9666666666666667,Critical,true,true,true
2025-01-10 00:00:00,FAC-002,Central Community Hospital,SVC-CHD,Child Health,6.75,10,12,0.5625,0.8333333333333334,Normal,false,false,false
2025-01-10 00:00:00,FAC-002,Central Community Hospital,SVC-MAT,Maternal Care,16.666666666666668,20,16,1.0416666666666667,1.25,Critical,true,true,true
2025-01-10 00:00:00,FAC-002,Central Community Hospital,SVC-MED,General Medicine,26.916666666666668,29,34,0.7916666666666667,0.8529411764705882,High,true,false,false
2025-01-10 00:00:00,FAC-002,Central Community Hospital,SVC-MHU,Mental Health,16.083333333333332,17,12,1.3402777777777777,1.4166666666666667,Critical,true,true,true
2025-01-10 00:00:00,FAC-002,Central Community Hospital,SVC-SRG,General Surgery,25.75,30,23,1.1195652173913044,1.3043478260869565,Critical,true,true,true
2025-01-10 00:00:00,FAC-003,South Medical Center,SVC-CHD,Child Health,11.083333333333334,12,12,0.9236111111111112,1.0,Critical,true,true,true
2025-01-10 00:00:00,FAC-003,South Medical Center,SVC-MAT,Maternal Care,22.041666666666668,25,14,1.574404761904762,1.7857142857142858,Critical,true,true,true
2025-01-10 00:00:00,FAC-003,South Medical Center,SVC-MED,General Medicine,23.666666666666668,25,27,0.8765432098765432,0.9259259259259259,Severe,true,true,false
2025-01-10 00:00:00,FAC-003,South Medical Center,SVC-MHU,Mental Health,12.25,14,11,1.1136363636363635,1.2727272727272727,Critical,true,true,true
2025-01-10 00:00:00,FAC-003,South Medical Center,SVC-SRG,General Surgery,13.833333333333334,14,19,0.7280701754385965,0.7368421052631579,Normal,false,false,false
2025-01-11 00:00:00,FAC-001,North General Hospital,SVC-CHD,Child Health,19.291666666666668,22,15,1.2861111111111112,1.4666666666666666,Critical,true,true,true
2025-01-11 00:00:00,FAC-001,North General Hospital,SVC-MAT,Maternal Care,27.666666666666668,29,18,1.5370370370370372,1.6111111111111112,Critical,true,true,true
2025-01-11 00:00:00,FAC-001,North General Hospital,SVC-MED,General Medicine,37.25,39,39,0.9551282051282052,1.0,Critical,true,true,true
2025-01-11 00:00:00,FAC-001,North General Hospital,SVC-MHU,Mental Health,16.958333333333332,18,15,1.1305555555555555,1.2,Critical,true,true,true
2025-01-11 00:00:00,FAC-001,North General Hospital,SVC-SRG,General Surgery,24.958333333333332,26,27,0.9243827160493827,0.9629629629629629,Critical,true,true,true
2025-01-11 00:00:00,FAC-002,Central Community Hospital,SVC-CHD,Child Health,10.625,12,15,0.7083333333333334,0.8,Normal,false,false,false
2025-01-11 00:00:00,FAC-002,Central Community Hospital,SVC-MAT,Maternal Care,20.5,23,15,1.3666666666666667,1.5333333333333334,Critical,true,true,true
2025-01-11 00:00:00,FAC-002,Central Community Hospital,SVC-MED,General Medicine,29.541666666666668,32,33,0.8952020202020202,0.9696969696969697,Critical,true,true,true
2025-01-11 00:00:00,FAC-002,Central Community Hospital,SVC-MHU,Mental Health,15.708333333333334,16,11,1.428030303030303,1.4545454545454546,Critical,true,true,true
2025-01-11 00:00:00,FAC-002,Central Community Hospital,SVC-SRG,General Surgery,26.833333333333332,29,23,1.1666666666666665,1.2608695652173914,Critical,true,true,true
2025-01-11 00:00:00,FAC-003,South Medical Center,SVC-CHD,Child Health,13.375,14,13,1.0288461538461537,1.0769230769230769,Critical,true,true,true
2025-01-11 00:00:00,FAC-003,South Medical Center,SVC-MAT,Maternal Care,22.625,24,11,2.0568181818181817,2.1818181818181817,Critical,true,true,true
2025-01-11 00:00:00,FAC-003,South Medical Center,SVC-MED,General Medicine,19.208333333333332,21,25,0.7683333333333333,0.84,Normal,false,false,false
2025-01-11 00:00:00,FAC-003,South Medical Center,SVC-MHU,Mental Health,12.791666666666666,14,11,1.1628787878787878,1.2727272727272727,Critical,true,true,true
2025-01-11 00:00:00,FAC-003,South Medical Center,SVC-SRG,General Surgery,14.125,15,18,0.7847222222222222,0.8333333333333334,Normal,false,false,false
2025-01-12 00:00:00,FAC-001,North General Hospital,SVC-CHD,Child Health,16.708333333333332,20,17,0.9828431372549019,1.1764705882352942,Critical,true,true,true
2025-01-12 00:00:00,FAC-001,North General Hospital,SVC-MAT,Maternal Care,30.375,32,19,1.5986842105263157,1.6842105263157894,Critical,true,true,true
2025-01-12 00:00:00,FAC-001,North General Hospital,SVC-MED,General Medicine,35.416666666666664,37,39,0.9081196581196581,0.9487179487179487,Severe,true,true,false
2025-01-12 00:00:00,FAC-001,North General Hospital,SVC-MHU,Mental Health,15.041666666666666,16,15,1.0027777777777778,1.0666666666666667,Critical,true,true,true
2025-01-12 00:00:00,FAC-001,North General Hospital,SVC-SRG,General Surgery,28.083333333333332,30,29,0.9683908045977011,1.0344827586206897,Critical,true,true,true
2025-01-12 00:00:00,FAC-002,Central Community Hospital,SVC-CHD,Child Health,9.416666666666666,12,13,0.7243589743589743,0.9230769230769231,Severe,true,true,false
2025-01-12 00:00:00,FAC-002,Central Community Hospital,SVC-MAT,Maternal Care,23.0,25,14,1.6428571428571428,1.7857142857142858,Critical,true,true,true
2025-01-12 00:00:00,FAC-002,Central Community Hospital,SVC-MED,General Medicine,33.291666666666664,34,31,1.0739247311827955,1.096774193548387,Critical,true,true,true
2025-01-12 00:00:00,FAC-002,Central Community Hospital,SVC-MHU,Mental Health,15.958333333333334,17,11,1.450757575757576,1.5454545454545454,Critical,true,true,true
2025-01-12 00:00:00,FAC-002,Central Community Hospital,SVC-SRG,General Surgery,25.041666666666668,27,23,1.088768115942029,1.173913043478261,Critical,true,true,true
2025-01-12 00:00:00,FAC-003,South Medical Center,SVC-CHD,Child Health,14.5,16,11,1.3181818181818181,1.4545454545454546,Critical,true,true,true
2025-01-12 00:00:00,FAC-003,South Medical Center,SVC-MAT,Maternal Care,19.875,21,12,1.65625,1.75,Critical,true,true,true
2025-01-12 00:00:00,FAC-003,South Medical Center,SVC-MED,General Medicine,16.333333333333332,20,26,0.6282051282051282,0.7692307692307693,Normal,false,false,false
2025-01-12 00:00:00,FAC-003,South Medical Center,SVC-MHU,Mental Health,13.208333333333334,14,10,1.3208333333333333,1.4,Critical,true,true,true
2025-01-12 00:00:00,FAC-003,South Medical Center,SVC-SRG,General Surgery,17.291666666666668,20,20,0.8645833333333334,1.0,Critical,true,true,true
2025-01-13 00:00:00,FAC-001,North General Hospital,SVC-CHD,Child Health,20.125,23,18,1.1180555555555556,1.2777777777777777,Critical,true,true,true
2025-01-13 00:00:00,FAC-001,North General Hospital,SVC-MAT,Maternal Care,23.291666666666668,29,21,1.1091269841269842,1.380952380952381,Critical,true,true,true
2025-01-13 00:00:00,FAC-001,North General Hospital,SVC-MED,General Medicine,37.416666666666664,40,43,0.8701550387596899,0.9302325581395349,Severe,true,true,false
2025-01-13 00:00:00,FAC-001,North General Hospital,SVC-MHU,Mental Health,17.75,19,16,1.109375,1.1875,Critical,true,true,true
2025-01-13 00:00:00,FAC-001,North General Hospital,SVC-SRG,General Surgery,28.666666666666668,32,30,0.9555555555555556,1.0666666666666667,Critical,true,true,true
2025-01-13 00:00:00,FAC-002,Central Community Hospital,SVC-CHD,Child Health,9.708333333333334,13,13,0.7467948717948718,1.0,Critical,true,true,true
2025-01-13 00:00:00,FAC-002,Central Community Hospital,SVC-MAT,Maternal Care,24.958333333333332,27,15,1.6638888888888888,1.8,Critical,true,true,true
2025-01-13 00:00:00,FAC-002,Central Community Hospital,SVC-MED,General Medicine,33.333333333333336,38,35,0.9523809523809524,1.0857142857142856,Critical,true,true,true
2025-01-13 00:00:00,FAC-002,Central Community Hospital,SVC-MHU,Mental Health,17.375,19,14,1.2410714285714286,1.3571428571428572,Critical,true,true,true
2025-01-13 00:00:00,FAC-002,Central Community Hospital,SVC-SRG,General Surgery,20.875,23,24,0.8697916666666666,0.9583333333333334,Critical,true,true,true
2025-01-13 00:00:00,FAC-003,South Medical Center,SVC-CHD,Child Health,15.041666666666666,16,11,1.3674242424242424,1.4545454545454546,Critical,true,true,true
2025-01-13 00:00:00,FAC-003,South Medical Center,SVC-MAT,Maternal Care,18.125,20,14,1.2946428571428572,1.4285714285714286,Critical,true,true,true
2025-01-13 00:00:00,FAC-003,South Medical Center,SVC-MED,General Medicine,14.125,16,29,0.4870689655172414,0.5517241379310345,Normal,false,false,false
2025-01-13 00:00:00,FAC-003,South Medical Center,SVC-MHU,Mental Health,13.708333333333334,15,9,1.5231481481481481,1.6666666666666667,Critical,true,true,true
2025-01-13 00:00:00,FAC-003,South Medical Center,SVC-SRG,General Surgery,16.625,18,19,0.875,0.9473684210526315,Severe,true,true,false
2025-01-14 00:00:00,FAC-001,North General Hospital,SVC-CHD,Child Health,25.166666666666668,28,18,1.3981481481481481,1.5555555555555556,Critical,true,true,true
2025-01-14 00:00:00,FAC-001,North General Hospital,SVC-MAT,Maternal Care,20.166666666666668,22,20,1.0083333333333333,1.1,Critical,true,true,true
2025-01-14 00:00:00,FAC-001,North General Hospital,SVC-MED,General Medicine,37.166666666666664,41,41,0.9065040650406504,1.0,Critical,true,true,true
2025-01-14 00:00:00,FAC-001,North General Hospital,SVC-MHU,Mental Health,21.291666666666668,22,16,1.3307291666666667,1.375,Critical,true,true,true
2025-01-14 00:00:00,FAC-001,North General Hospital,SVC-SRG,General Surgery,28.458333333333332,31,31,0.918010752688172,1.0,Critical,true,true,true
2025-01-14 00:00:00,FAC-002,Central Community Hospital,SVC-CHD,Child Health,9.125,12,14,0.6517857142857143,0.8571428571428571,High,true,false,false
2025-01-14 00:00:00,FAC-002,Central Community Hospital,SVC-MAT,Maternal Care,23.625,26,17,1.3897058823529411,1.5294117647058822,Critical,true,true,true
2025-01-14 00:00:00,FAC-002,Central Community Hospital,SVC-MED,General Medicine,36.208333333333336,39,34,1.0649509803921569,1.1470588235294117,Critical,true,true,true
2025-01-14 00:00:00,FAC-002,Central Community Hospital,SVC-MHU,Mental Health,17.958333333333332,19,11,1.6325757575757576,1.7272727272727273,Critical,true,true,true
2025-01-14 00:00:00,FAC-002,Central Community Hospital,SVC-SRG,General Surgery,22.041666666666668,23,25,0.8816666666666667,0.92,Severe,true,true,false
2025-01-14 00:00:00,FAC-003,South Medical Center,SVC-CHD,Child Health,18.5,21,10,1.85,2.1,Critical,true,true,true
2025-01-14 00:00:00,FAC-003,South Medical Center,SVC-MAT,Maternal Care,15.208333333333334,18,12,1.2673611111111112,1.5,Critical,true,true,true
2025-01-14 00:00:00,FAC-003,South Medical Center,SVC-MED,General Medicine,15.083333333333334,16,27,0.558641975308642,0.5925925925925926,Normal,false,false,false
2025-01-14 00:00:00,FAC-003,South Medical Center,SVC-MHU,Mental Health,13.041666666666666,14,10,1.3041666666666667,1.4,Critical,true,true,true
2025-01-14 00:00:00,FAC-003,South Medical Center,SVC-SRG,General Surgery,12.916666666666666,15,19,0.6798245614035088,0.7894736842105263,Normal,false,false,false
2025-01-15 00:00:00,FAC-001,North General Hospital,SVC-CHD,Child Health,23.625,27,18,1.3125,1.5,Critical,true,true,true
2025-01-15 00:00:00,FAC-001,North General Hospital,SVC-MAT,Maternal Care,19.875,22,20,0.99375,1.1,Critical,true,true,true
2025-01-15 00:00:00,FAC-001,North General Hospital,SVC-MED,General Medicine,31.916666666666668,34,43,0.7422480620155039,0.7906976744186046,Normal,false,false,false
2025-01-15 00:00:00,FAC-001,North General Hospital,SVC-MHU,Mental Health,19.166666666666668,21,16,1.1979166666666667,1.3125,Critical,true,true,true
2025-01-15 00:00:00,FAC-001,North General Hospital,SVC-SRG,General Surgery,25.875,28,29,0.8922413793103449,0.9655172413793104,Critical,true,true,true
2025-01-15 00:00:00,FAC-002,Central Community Hospital,SVC-CHD,Child Health,12.916666666666666,14,16,0.8072916666666666,0.875,High,true,false,false
2025-01-15 00:00:00,FAC-002,Central Community Hospital,SVC-MAT,Maternal Care,26.0,29,16,1.625,1.8125,Critical,true,true,true
2025-01-15 00:00:00,FAC-002,Central Community Hospital,SVC-MED,General Medicine,28.875,33,35,0.825,0.9428571428571428,Severe,true,true,false
2025-01-15 00:00:00,FAC-002,Central Community Hospital,SVC-MHU,Mental Health,17.625,19,12,1.46875,1.5833333333333333,Critical,true,true,true
2025-01-15 00:00:00,FAC-002,Central Community Hospital,SVC-SRG,General Surgery,21.416666666666668,23,25,0.8566666666666667,0.92,Severe,true,true,false
2025-01-15 00:00:00,FAC-003,South Medical Center,SVC-CHD,Child Health,19.041666666666668,21,12,1.5868055555555556,1.75,Critical,true,true,true
2025-01-15 00:00:00,FAC-003,South Medical Center,SVC-MAT,Maternal Care,11.75,15,12,0.9791666666666666,1.25,Critical,true,true,true
2025-01-15 00:00:00,FAC-003,South Medical Center,SVC-MED,General Medicine,16.916666666666668,18,27,0.6265432098765432,0.6666666666666666,Normal,false,false,false
2025-01-15 00:00:00,FAC-003,South Medical Center,SVC-MHU,Mental Health,13.166666666666666,14,10,1.3166666666666667,1.4,Critical,true,true,true
2025-01-15 00:00:00,FAC-003,South Medical Center,SVC-SRG,General Surgery,7.75,11,20,0.3875,0.55,Normal,false,false,false
2025-01-16 00:00:00,FAC-001,North General Hospital,SVC-CHD,Child Health,15.416666666666666,21,20,0.7708333333333333,1.05,Critical,true,true,true
2025-01-16 00:00:00,FAC-001,North General Hospital,SVC-MAT,Maternal Care,26.416666666666668,30,19,1.3903508771929824,1.5789473684210527,Critical,true,true,true
2025-01-16 00:00:00,FAC-001,North General Hospital,SVC-MED,General Medicine,34.25,37,42,0.8154761904761905,0.8809523809523809,High,true,false,false
2025-01-16 00:00:00,FAC-001,North General Hospital,SVC-MHU,Mental Health,20.833333333333332,22,16,1.3020833333333333,1.375,Critical,true,true,true
2025-01-16 00:00:00,FAC-001,North General Hospital,SVC-SRG,General Surgery,28.666666666666668,31,33,0.8686868686868687,0.9393939393939394,Severe,true,true,false
2025-01-16 00:00:00,FAC-002,Central Community Hospital,SVC-CHD,Child Health,14.5,16,15,0.9666666666666667,1.0666666666666667,Critical,true,true,true
2025-01-16 00:00:00,FAC-002,Central Community Hospital,SVC-MAT,Maternal Care,26.25,28,17,1.5441176470588236,1.6470588235294117,Critical,true,true,true
2025-01-16 00:00:00,FAC-002,Central Community Hospital,SVC-MED,General Medicine,24.291666666666668,26,32,0.7591145833333334,0.8125,Normal,false,false,false
2025-01-16 00:00:00,FAC-002,Central Community Hospital,SVC-MHU,Mental Health,15.0,16,12,1.25,1.3333333333333333,Critical,true,true,true
2025-01-16 00:00:00,FAC-002,Central Community Hospital,SVC-SRG,General Surgery,23.083333333333332,25,23,1.0036231884057971,1.0869565217391304,Critical,true,true,true
2025-01-16 00:00:00,FAC-003,South Medical Center,SVC-CHD,Child Health,15.916666666666666,17,12,1.3263888888888888,1.4166666666666667,Critical,true,true,true
2025-01-16 00:00:00,FAC-003,South Medical Center,SVC-MAT,Maternal Care,14.416666666666666,18,12,1.2013888888888888,1.5,Critical,true,true,true
2025-01-16 00:00:00,FAC-003,South Medical Center,SVC-MED,General Medicine,20.541666666666668,23,27,0.7608024691358025,0.8518518518518519,High,true,false,false
2025-01-16 00:00:00,FAC-003,South Medical Center,SVC-MHU,Mental Health,12.166666666666666,13,10,1.2166666666666666,1.3,Critical,true,true,true
2025-01-16 00:00:00,FAC-003,South Medical Center,SVC-SRG,General Surgery,10.791666666666666,13,17,0.6348039215686274,0.7647058823529411,Normal,false,false,false
2025-01-17 00:00:00,FAC-001,North General Hospital,SVC-CHD,Child Health,18.458333333333332,22,16,1.1536458333333333,1.375,Critical,true,true,true
2025-01-17 00:00:00,FAC-001,North General Hospital,SVC-MAT,Maternal Care,26.708333333333332,28,19,1.405701754385965,1.4736842105263157,Critical,true,true,true
2025-01-17 00:00:00,FAC-001,North General Hospital,SVC-MED,General Medicine,35.0,38,41,0.8536585365853658,0.926829268292683,Severe,true,true,false
2025-01-17 00:00:00,FAC-001,North General Hospital,SVC-MHU,Mental Health,22.125,23,18,1.2291666666666667,1.2777777777777777,Critical,true,true,true
2025-01-17 00:00:00,FAC-001,North General Hospital,SVC-SRG,General Surgery,25.5,30,30,0.85,1.0,Critical,true,true,true
2025-01-17 00:00:00,FAC-002,Central Community Hospital,SVC-CHD,Child Health,13.25,15,16,0.828125,0.9375,Severe,true,true,false
2025-01-17 00:00:00,FAC-002,Central Community Hospital,SVC-MAT,Maternal Care,22.125,25,19,1.1644736842105263,1.3157894736842106,Critical,true,true,true
2025-01-17 00:00:00,FAC-002,Central Community Hospital,SVC-MED,General Medicine,23.25,26,32,0.7265625,0.8125,Normal,false,false,false
2025-01-17 00:00:00,FAC-002,Central Community Hospital,SVC-MHU,Mental Health,14.708333333333334,17,12,1.2256944444444444,1.4166666666666667,Critical,true,true,true
2025-01-17 00:00:00,FAC-002,Central Community Hospital,SVC-SRG,General Surgery,24.166666666666668,26,23,1.0507246376811594,1.1304347826086956,Critical,true,true,true
2025-01-17 00:00:00,FAC-003,South Medical Center,SVC-CHD,Child Health,14.333333333333334,17,13,1.1025641025641026,1.3076923076923077,Critical,true,true,true
2025-01-17 00:00:00,FAC-003,South Medical Center,SVC-MAT,Maternal Care,15.083333333333334,17,12,1.2569444444444444,1.4166666666666667,Critical,true,true,true
2025-01-17 00:00:00,FAC-003,South Medical Center,SVC-MED,General Medicine,24.375,26,27,0.9027777777777778,0.9629629629629629,Critical,true,true,true
2025-01-17 00:00:00,FAC-003,South Medical Center,SVC-MHU,Mental Health,10.291666666666666,11,10,1.0291666666666666,1.1,Critical,true,true,true
2025-01-17 00:00:00,FAC-003,South Medical Center,SVC-SRG,General Surgery,12.708333333333334,14,20,0.6354166666666667,0.7,Normal,false,false,false
2025-01-18 00:00:00,FAC-001,North General Hospital,SVC-CHD,Child Health,20.75,23,17,1.2205882352941178,1.3529411764705883,Critical,true,true,true
2025-01-18 00:00:00,FAC-001,North General Hospital,SVC-MAT,Maternal Care,27.041666666666668,29,19,1.4232456140350878,1.5263157894736843,Critical,true,true,true
2025-01-18 00:00:00,FAC-001,North General Hospital,SVC-MED,General Medicine,38.916666666666664,41,40,0.9729166666666667,1.025,Critical,true,true,true
2025-01-18 00:00:00,FAC-001,North General Hospital,SVC-MHU,Mental Health,21.291666666666668,23,14,1.5208333333333335,1.6428571428571428,Critical,true,true,true
2025-01-18 00:00:00,FAC-001,North General Hospital,SVC-SRG,General Surgery,28.083333333333332,30,29,0.9683908045977011,1.0344827586206897,Critical,true,true,true
2025-01-18 00:00:00,FAC-002,Central Community Hospital,SVC-CHD,Child Health,10.875,13,14,0.7767857142857143,0.9285714285714286,Severe,true,true,false
2025-01-18 00:00:00,FAC-002,Central Community Hospital,SVC-MAT,Maternal Care,22.916666666666668,25,14,1.636904761904762,1.7857142857142858,Critical,true,true,true
2025-01-18 00:00:00,FAC-002,Central Community Hospital,SVC-MED,General Medicine,21.125,23,31,0.6814516129032258,0.7419354838709677,Normal,false,false,false
2025-01-18 00:00:00,FAC-002,Central Community Hospital,SVC-MHU,Mental Health,12.833333333333334,14,13,0.9871794871794872,1.0769230769230769,Critical,true,true,true
2025-01-18 00:00:00,FAC-002,Central Community Hospital,SVC-SRG,General Surgery,23.458333333333332,25,22,1.0662878787878787,1.1363636363636365,Critical,true,true,true
2025-01-18 00:00:00,FAC-003,South Medical Center,SVC-CHD,Child Health,15.75,18,11,1.4318181818181819,1.6363636363636365,Critical,true,true,true
2025-01-18 00:00:00,FAC-003,South Medical Center,SVC-MAT,Maternal Care,18.541666666666668,21,12,1.545138888888889,1.75,Critical,true,true,true
2025-01-18 00:00:00,FAC-003,South Medical Center,SVC-MED,General Medicine,26.333333333333332,28,27,0.9753086419753086,1.037037037037037,Critical,true,true,true
2025-01-18 00:00:00,FAC-003,South Medical Center,SVC-MHU,Mental Health,9.416666666666666,11,10,0.9416666666666667,1.1,Critical,true,true,true
2025-01-18 00:00:00,FAC-003,South Medical Center,SVC-SRG,General Surgery,13.291666666666666,15,18,0.7384259259259259,0.8333333333333334,Normal,false,false,false
2025-01-19 00:00:00,FAC-001,North General Hospital,SVC-CHD,Child Health,17.291666666666668,18,17,1.0171568627450982,1.0588235294117647,Critical,true,true,true
2025-01-19 00:00:00,FAC-001,North General Hospital,SVC-MAT,Maternal Care,29.083333333333332,33,21,1.3849206349206349,1.5714285714285714,Critical,true,true,true
2025-01-19 00:00:00,FAC-001,North General Hospital,SVC-MED,General Medicine,40.541666666666664,43,39,1.0395299145299144,1.1025641025641026,Critical,true,true,true
2025-01-19 00:00:00,FAC-001,North General Hospital,SVC-MHU,Mental Health,18.541666666666668,21,17,1.090686274509804,1.2352941176470589,Critical,true,true,true
2025-01-19 00:00:00,FAC-001,North General Hospital,SVC-SRG,General Surgery,29.75,32,29,1.0258620689655173,1.103448275862069,Critical,true,true,true
2025-01-19 00:00:00,FAC-002,Central Community Hospital,SVC-CHD,Child Health,10.375,12,12,0.8645833333333334,1.0,Critical,true,true,true
2025-01-19 00:00:00,FAC-002,Central Community Hospital,SVC-MAT,Maternal Care,23.5,26,16,1.46875,1.625,Critical,true,true,true
2025-01-19 00:00:00,FAC-002,Central Community Hospital,SVC-MED,General Medicine,17.541666666666668,20,32,0.5481770833333334,0.625,Normal,false,false,false
2025-01-19 00:00:00,FAC-002,Central Community Hospital,SVC-MHU,Mental Health,13.75,14,12,1.1458333333333333,1.1666666666666667,Critical,true,true,true
2025-01-19 00:00:00,FAC-002,Central Community Hospital,SVC-SRG,General Surgery,24.625,26,22,1.1193181818181819,1.1818181818181819,Critical,true,true,true
2025-01-19 00:00:00,FAC-003,South Medical Center,SVC-CHD,Child Health,12.625,16,12,1.0520833333333333,1.3333333333333333,Critical,true,true,true
2025-01-19 00:00:00,FAC-003,South Medical Center,SVC-MAT,Maternal Care,20.666666666666668,22,13,1.5897435897435899,1.6923076923076923,Critical,true,true,true
2025-01-19 00:00:00,FAC-003,South Medical Center,SVC-MED,General Medicine,24.833333333333332,26,26,0.9551282051282051,1.0,Critical,true,true,true
2025-01-19 00:00:00,FAC-003,South Medical Center,SVC-MHU,Mental Health,6.625,7,9,0.7361111111111112,0.7777777777777778,Normal,false,false,false
2025-01-19 00:00:00,FAC-003,South Medical Center,SVC-SRG,General Surgery,19.625,22,17,1.1544117647058822,1.2941176470588236,Critical,true,true,true
2025-01-20 00:00:00,FAC-001,North General Hospital,SVC-CHD,Child Health,17.5,18,18,0.9722222222222222,1.0,Critical,true,true,true
2025-01-20 00:00:00,FAC-001,North General Hospital,SVC-MAT,Maternal Care,28.541666666666668,31,20,1.4270833333333335,1.55,Critical,true,true,true
2025-01-20 00:00:00,FAC-001,North General Hospital,SVC-MED,General Medicine,34.958333333333336,37,42,0.8323412698412699,0.8809523809523809,High,true,false,false
2025-01-20 00:00:00,FAC-001,North General Hospital,SVC-MHU,Mental Health,18.25,21,16,1.140625,1.3125,Critical,true,true,true
2025-01-20 00:00:00,FAC-001,North General Hospital,SVC-SRG,General Surgery,27.666666666666668,30,30,0.9222222222222223,1.0,Critical,true,true,true
2025-01-20 00:00:00,FAC-002,Central Community Hospital,SVC-CHD,Child Health,11.75,13,16,0.734375,0.8125,Normal,false,false,false
2025-01-20 00:00:00,FAC-002,Central Community Hospital,SVC-MAT,Maternal Care,16.625,19,13,1.2788461538461537,1.4615384615384615,Critical,true,true,true
2025-01-20 00:00:00,FAC-002,Central Community Hospital,SVC-MED,General Medicine,19.166666666666668,24,33,0.5808080808080809,0.7272727272727273,Normal,false,false,false
2025-01-20 00:00:00,FAC-002,Central Community Hospital,SVC-MHU,Mental Health,14.25,15,13,1.0961538461538463,1.1538461538461537,Critical,true,true,true
2025-01-20 00:00:00,FAC-002,Central Community Hospital,SVC-SRG,General Surgery,23.541666666666668,27,24,0.9809027777777778,1.125,Critical,true,true,true
2025-01-20 00:00:00,FAC-003,South Medical Center,SVC-CHD,Child Health,9.958333333333334,12,11,0.9053030303030304,1.0909090909090908,Critical,true,true,true
2025-01-20 00:00:00,FAC-003,South Medical Center,SVC-MAT,Maternal Care,20.291666666666668,22,11,1.8446969696969697,2.0,Critical,true,true,true
2025-01-20 00:00:00,FAC-003,South Medical Center,SVC-MED,General Medicine,22.916666666666668,24,27,0.8487654320987654,0.8888888888888888,High,true,false,false
2025-01-20 00:00:00,FAC-003,South Medical Center,SVC-MHU,Mental Health,8.208333333333334,10,11,0.7462121212121212,0.9090909090909091,Severe,true,true,false
2025-01-20 00:00:00,FAC-003,South Medical Center,SVC-SRG,General Surgery,20.75,23,20,1.0375,1.15,Critical,true,true,true
2025-01-21 00:00:00,FAC-001,North General Hospital,SVC-CHD,Child Health,17.958333333333332,21,19,0.9451754385964911,1.105263157894737,Critical,true,true,true
2025-01-21 00:00:00,FAC-001,North General Hospital,SVC-MAT,Maternal Care,22.708333333333332,25,20,1.1354166666666665,1.25,Critical,true,true,true
2025-01-21 00:00:00,FAC-001,North General Hospital,SVC-MED,General Medicine,38.666666666666664,41,44,0.8787878787878788,0.9318181818181818,Severe,true,true,false
2025-01-21 00:00:00,FAC-001,North General Hospital,SVC-MHU,Mental Health,22.666666666666668,25,16,1.4166666666666667,1.5625,Critical,true,true,true
2025-01-21 00:00:00,FAC-001,North General Hospital,SVC-SRG,General Surgery,26.875,29,28,0.9598214285714286,1.0357142857142858,Critical,true,true,true
2025-01-21 00:00:00,FAC-002,Central Community Hospital,SVC-CHD,Child Health,13.125,16,16,0.8203125,1.0,Critical,true,true,true
2025-01-21 00:00:00,FAC-002,Central Community Hospital,SVC-MAT,Maternal Care,17.75,22,17,1.0441176470588236,1.2941176470588236,Critical,true,true,true
2025-01-21 00:00:00,FAC-002,Central Community Hospital,SVC-MED,General Medicine,26.041666666666668,28,33,0.7891414141414141,0.8484848484848485,Normal,false,false,false
2025-01-21 00:00:00,FAC-002,Central Community Hospital,SVC-MHU,Mental Health,14.083333333333334,15,15,0.9388888888888889,1.0,Critical,true,true,true
2025-01-21 00:00:00,FAC-002,Central Community Hospital,SVC-SRG,General Surgery,23.625,25,24,0.984375,1.0416666666666667,Critical,true,true,true
2025-01-21 00:00:00,FAC-003,South Medical Center,SVC-CHD,Child Health,12.0,13,13,0.9230769230769231,1.0,Critical,true,true,true
2025-01-21 00:00:00,FAC-003,South Medical Center,SVC-MAT,Maternal Care,20.541666666666668,22,13,1.5801282051282053,1.6923076923076923,Critical,true,true,true
2025-01-21 00:00:00,FAC-003,South Medical Center,SVC-MED,General Medicine,23.416666666666668,24,28,0.8363095238095238,0.8571428571428571,High,true,false,false
2025-01-21 00:00:00,FAC-003,South Medical Center,SVC-MHU,Mental Health,10.125,11,11,0.9204545454545454,1.0,Critical,true,true,true
2025-01-21 00:00:00,FAC-003,South Medical Center,SVC-SRG,General Surgery,19.416666666666668,20,20,0.9708333333333334,1.0,Critical,true,true,true
2025-01-22 00:00:00,FAC-001,North General Hospital,SVC-CHD,Child Health,19.833333333333332,23,17,1.1666666666666665,1.3529411764705883,Critical,true,true,true
2025-01-22 00:00:00,FAC-001,North General Hospital,SVC-MAT,Maternal Care,16.041666666666668,19,21,0.763888888888889,0.9047619047619048,Severe,true,true,false
2025-01-22 00:00:00,FAC-001,North General Hospital,SVC-MED,General Medicine,40.916666666666664,42,42,0.9742063492063492,1.0,Critical,true,true,true
2025-01-22 00:00:00,FAC-001,North General Hospital,SVC-MHU,Mental Health,25.375,27,15,1.6916666666666667,1.8,Critical,true,true,true
2025-01-22 00:00:00,FAC-001,North General Hospital,SVC-SRG,General Surgery,28.333333333333332,30,30,0.9444444444444444,1.0,Critical,true,true,true
2025-01-22 00:00:00,FAC-002,Central Community Hospital,SVC-CHD,Child Health,15.208333333333334,16,16,0.9505208333333334,1.0,Critical,true,true,true
2025-01-22 00:00:00,FAC-002,Central Community Hospital,SVC-MAT,Maternal Care,23.041666666666668,26,17,1.3553921568627452,1.5294117647058822,Critical,true,true,true
2025-01-22 00:00:00,FAC-002,Central Community Hospital,SVC-MED,General Medicine,27.458333333333332,30,34,0.8075980392156863,0.8823529411764706,High,true,false,false
2025-01-22 00:00:00,FAC-002,Central Community Hospital,SVC-MHU,Mental Health,14.166666666666666,15,15,0.9444444444444444,1.0,Critical,true,true,true
2025-01-22 00:00:00,FAC-002,Central Community Hospital,SVC-SRG,General Surgery,20.75,23,24,0.8645833333333334,0.9583333333333334,Critical,true,true,true
2025-01-22 00:00:00,FAC-003,South Medical Center,SVC-CHD,Child Health,8.166666666666666,11,12,0.6805555555555555,0.9166666666666666,Severe,true,true,false
2025-01-22 00:00:00,FAC-003,South Medical Center,SVC-MAT,Maternal Care,17.416666666666668,19,12,1.451388888888889,1.5833333333333333,Critical,true,true,true
2025-01-22 00:00:00,FAC-003,South Medical Center,SVC-MED,General Medicine,20.708333333333332,22,28,0.7395833333333333,0.7857142857142857,Normal,false,false,false
2025-01-22 00:00:00,FAC-003,South Medical Center,SVC-MHU,Mental Health,8.75,10,10,0.875,1.0,Critical,true,true,true
2025-01-22 00:00:00,FAC-003,South Medical Center,SVC-SRG,General Surgery,16.208333333333332,19,18,0.9004629629629629,1.0555555555555556,Critical,true,true,true
2025-01-23 00:00:00,FAC-001,North General Hospital,SVC-CHD,Child Health,16.958333333333332,19,17,0.997549019607843,1.1176470588235294,Critical,true,true,true
2025-01-23 00:00:00,FAC-001,North General Hospital,SVC-MAT,Maternal Care,13.958333333333334,17,19,0.7346491228070176,0.8947368421052632,High,true,false,false
2025-01-23 00:00:00,FAC-001,North General Hospital,SVC-MED,General Medicine,41.166666666666664,43,44,0.9356060606060606,0.9772727272727273,Critical,true,true,true
2025-01-23 00:00:00,FAC-001,North General Hospital,SVC-MHU,Mental Health,21.958333333333332,24,16,1.3723958333333333,1.5,Critical,true,true,true
2025-01-23 00:00:00,FAC-001,North General Hospital,SVC-SRG,General Surgery,22.416666666666668,25,31,0.7231182795698925,0.8064516129032258,Normal,false,false,false
2025-01-23 00:00:00,FAC-002,Central Community Hospital,SVC-CHD,Child Health,13.333333333333334,16,15,0.888888888888889,1.0666666666666667,Critical,true,true,true
2025-01-23 00:00:00,FAC-002,Central Community Hospital,SVC-MAT,Maternal Care,21.166666666666668,24,17,1.2450980392156863,1.411764705882353,Critical,true,true,true
2025-01-23 00:00:00,FAC-002,Central Community Hospital,SVC-MED,General Medicine,28.208333333333332,29,32,0.8815104166666666,0.90625,Severe,true,true,false
2025-01-23 00:00:00,FAC-002,Central Community Hospital,SVC-MHU,Mental Health,10.416666666666666,11,13,0.8012820512820512,0.8461538461538461,Normal,false,false,false
2025-01-23 00:00:00,FAC-002,Central Community Hospital,SVC-SRG,General Surgery,18.958333333333332,22,23,0.8242753623188406,0.9565217391304348,Critical,true,true,true
2025-01-23 00:00:00,FAC-003,South Medical Center,SVC-CHD,Child Health,5.291666666666667,7,12,0.44097222222222227,0.5833333333333334,Normal,false,false,false
2025-01-23 00:00:00,FAC-003,South Medical Center,SVC-MAT,Maternal Care,16.333333333333332,17,13,1.2564102564102564,1.3076923076923077,Critical,true,true,true
2025-01-23 00:00:00,FAC-003,South Medical Center,SVC-MED,General Medicine,20.916666666666668,22,25,0.8366666666666667,0.88,High,true,false,false
2025-01-23 00:00:00,FAC-003,South Medical Center,SVC-MHU,Mental Health,8.916666666666666,10,12,0.7430555555555555,0.8333333333333334,Normal,false,false,false
2025-01-23 00:00:00,FAC-003,South Medical Center,SVC-SRG,General Surgery,13.875,16,20,0.69375,0.8,Normal,false,false,false
2025-01-24 00:00:00,FAC-001,North General Hospital,SVC-CHD,Child Health,20.583333333333332,22,19,1.0833333333333333,1.1578947368421053,Critical,true,true,true
2025-01-24 00:00:00,FAC-001,North General Hospital,SVC-MAT,Maternal Care,14.0,17,18,0.7777777777777778,0.9444444444444444,Severe,true,true,false
2025-01-24 00:00:00,FAC-001,North General Hospital,SVC-MED,General Medicine,35.708333333333336,39,40,0.8927083333333334,0.975,Critical,true,true,true
2025-01-24 00:00:00,FAC-001,North General Hospital,SVC-MHU,Mental Health,19.416666666666668,21,17,1.1421568627450982,1.2352941176470589,Critical,true,true,true
2025-01-24 00:00:00,FAC-001,North General Hospital,SVC-SRG,General Surgery,25.083333333333332,28,29,0.8649425287356322,0.9655172413793104,Critical,true,true,true
2025-01-24 00:00:00,FAC-002,Central Community Hospital,SVC-CHD,Child Health,12.0,13,14,0.8571428571428571,0.9285714285714286,Severe,true,true,false
2025-01-24 00:00:00,FAC-002,Central Community Hospital,SVC-MAT,Maternal Care,19.541666666666668,22,17,1.1495098039215688,1.2941176470588236,Critical,true,true,true
2025-01-24 00:00:00,FAC-002,Central Community Hospital,SVC-MED,General Medicine,29.416666666666668,35,34,0.8651960784313726,1.0294117647058822,Critical,true,true,true
2025-01-24 00:00:00,FAC-002,Central Community Hospital,SVC-MHU,Mental Health,13.291666666666666,15,14,0.9494047619047619,1.0714285714285714,Critical,true,true,true
2025-01-24 00:00:00,FAC-002,Central Community Hospital,SVC-SRG,General Surgery,19.375,22,25,0.775,0.88,High,true,false,false
2025-01-24 00:00:00,FAC-003,South Medical Center,SVC-CHD,Child Health,4.166666666666667,7,12,0.34722222222222227,0.5833333333333334,Normal,false,false,false
2025-01-24 00:00:00,FAC-003,South Medical Center,SVC-MAT,Maternal Care,15.666666666666666,17,12,1.3055555555555556,1.4166666666666667,Critical,true,true,true
2025-01-24 00:00:00,FAC-003,South Medical Center,SVC-MED,General Medicine,24.708333333333332,28,28,0.8824404761904762,1.0,Critical,true,true,true
2025-01-24 00:00:00,FAC-003,South Medical Center,SVC-MHU,Mental Health,9.083333333333334,10,10,0.9083333333333334,1.0,Critical,true,true,true
2025-01-24 00:00:00,FAC-003,South Medical Center,SVC-SRG,General Surgery,14.333333333333334,16,20,0.7166666666666667,0.8,Normal,false,false,false
2025-01-25 00:00:00,FAC-001,North General Hospital,SVC-CHD,Child Health,18.25,22,18,1.0138888888888888,1.2222222222222223,Critical,true,true,true
2025-01-25 00:00:00,FAC-001,North General Hospital,SVC-MAT,Maternal Care,15.458333333333334,20,18,0.8587962962962963,1.1111111111111112,Critical,true,true,true
2025-01-25 00:00:00,FAC-001,North General Hospital,SVC-MED,General Medicine,31.958333333333332,35,39,0.8194444444444444,0.8974358974358975,High,true,false,false
2025-01-25 00:00:00,FAC-001,North General Hospital,SVC-MHU,Mental Health,17.0,18,15,1.1333333333333333,1.2,Critical,true,true,true
2025-01-25 00:00:00,FAC-001,North General Hospital,SVC-SRG,General Surgery,25.375,29,29,0.875,1.0,Critical,true,true,true
2025-01-25 00:00:00,FAC-002,Central Community Hospital,SVC-CHD,Child Health,9.75,11,13,0.75,0.8461538461538461,Normal,false,false,false
2025-01-25 00:00:00,FAC-002,Central Community Hospital,SVC-MAT,Maternal Care,21.75,26,15,1.45,1.7333333333333334,Critical,true,true,true
2025-01-25 00:00:00,FAC-002,Central Community Hospital,SVC-MED,General Medicine,35.5,37,33,1.0757575757575757,1.121212121212121,Critical,true,true,true
2025-01-25 00:00:00,FAC-002,Central Community Hospital,SVC-MHU,Mental Health,13.208333333333334,15,13,1.016025641025641,1.1538461538461537,Critical,true,true,true
2025-01-25 00:00:00,FAC-002,Central Community Hospital,SVC-SRG,General Surgery,20.583333333333332,22,22,0.9356060606060606,1.0,Critical,true,true,true
2025-01-25 00:00:00,FAC-003,South Medical Center,SVC-CHD,Child Health,5.833333333333333,9,12,0.4861111111111111,0.75,Normal,false,false,false
2025-01-25 00:00:00,FAC-003,South Medical Center,SVC-MAT,Maternal Care,14.291666666666666,16,13,1.0993589743589742,1.2307692307692308,Critical,true,true,true
2025-01-25 00:00:00,FAC-003,South Medical Center,SVC-MED,General Medicine,29.458333333333332,31,26,1.1330128205128205,1.1923076923076923,Critical,true,true,true
2025-01-25 00:00:00,FAC-003,South Medical Center,SVC-MHU,Mental Health,9.458333333333334,10,10,0.9458333333333334,1.0,Critical,true,true,true
2025-01-25 00:00:00,FAC-003,South Medical Center,SVC-SRG,General Surgery,17.0,18,20,0.85,0.9,Severe,true,true,false
2025-01-26 00:00:00,FAC-001,North General Hospital,SVC-CHD,Child Health,17.791666666666668,20,15,1.1861111111111111,1.3333333333333333,Critical,true,true,true
2025-01-26 00:00:00,FAC-001,North General Hospital,SVC-MAT,Maternal Care,25.833333333333332,29,20,1.2916666666666665,1.45,Critical,true,true,true
2025-01-26 00:00:00,FAC-001,North General Hospital,SVC-MED,General Medicine,31.5,35,42,0.75,0.8333333333333334,Normal,false,false,false
2025-01-26 00:00:00,FAC-001,North General Hospital,SVC-MHU,Mental Health,14.541666666666666,16,15,0.9694444444444444,1.0666666666666667,Critical,true,true,true
2025-01-26 00:00:00,FAC-001,North General Hospital,SVC-SRG,General Surgery,22.5,24,28,0.8035714285714286,0.8571428571428571,High,true,false,false
2025-01-26 00:00:00,FAC-002,Central Community Hospital,SVC-CHD,Child Health,9.5,11,12,0.7916666666666666,0.9166666666666666,Severe,true,true,false
2025-01-26 00:00:00,FAC-002,Central Community Hospital,SVC-MAT,Maternal Care,21.958333333333332,25,14,1.568452380952381,1.7857142857142858,Critical,true,true,true
2025-01-26 00:00:00,FAC-002,Central Community Hospital,SVC-MED,General Medicine,34.333333333333336,37,32,1.0729166666666667,1.15625,Critical,true,true,true
2025-01-26 00:00:00,FAC-002,Central Community Hospital,SVC-MHU,Mental Health,10.375,12,10,1.0375,1.2,Critical,true,true,true
2025-01-26 00:00:00,FAC-002,Central Community Hospital,SVC-SRG,General Surgery,22.458333333333332,24,24,0.9357638888888888,1.0,Critical,true,true,true
2025-01-26 00:00:00,FAC-003,South Medical Center,SVC-CHD,Child Health,8.0,9,12,0.6666666666666666,0.75,Normal,false,false,false
2025-01-26 00:00:00,FAC-003,South Medical Center,SVC-MAT,Maternal Care,14.875,16,12,1.2395833333333333,1.3333333333333333,Critical,true,true,true
2025-01-26 00:00:00,FAC-003,South Medical Center,SVC-MED,General Medicine,27.75,30,25,1.11,1.2,Critical,true,true,true
2025-01-26 00:00:00,FAC-003,South Medical Center,SVC-MHU,Mental Health,9.666666666666666,11,8,1.2083333333333333,1.375,Critical,true,true,true
2025-01-26 00:00:00,FAC-003,South Medical Center,SVC-SRG,General Surgery,15.125,16,19,0.7960526315789473,0.8421052631578947,Normal,false,false,false
2025-01-27 00:00:00,FAC-001,North General Hospital,SVC-CHD,Child Health,12.875,18,18,0.7152777777777778,1.0,Critical,true,true,true
2025-01-27 00:00:00,FAC-001,North General Hospital,SVC-MAT,Maternal Care,28.958333333333332,31,20,1.4479166666666665,1.55,Critical,true,true,true
2025-01-27 00:00:00,FAC-001,North General Hospital,SVC-MED,General Medicine,28.708333333333332,31,40,0.7177083333333333,0.775,Normal,false,false,false
2025-01-27 00:00:00,FAC-001,North General Hospital,SVC-MHU,Mental Health,14.125,15,17,0.8308823529411765,0.8823529411764706,High,true,false,false
2025-01-27 00:00:00,FAC-001,North General Hospital,SVC-SRG,General Surgery,21.583333333333332,24,30,0.7194444444444444,0.8,Normal,false,false,false
2025-01-27 00:00:00,FAC-002,Central Community Hospital,SVC-CHD,Child Health,11.166666666666666,12,15,0.7444444444444444,0.8,Normal,false,false,false
2025-01-27 00:00:00,FAC-002,Central Community Hospital,SVC-MAT,Maternal Care,23.75,27,17,1.3970588235294117,1.588235294117647,Critical,true,true,true
2025-01-27 00:00:00,FAC-002,Central Community Hospital,SVC-MED,General Medicine,33.291666666666664,34,34,0.9791666666666666,1.0,Critical,true,true,true
2025-01-27 00:00:00,FAC-002,Central Community Hospital,SVC-MHU,Mental Health,10.916666666666666,12,12,0.9097222222222222,1.0,Critical,true,true,true
2025-01-27 00:00:00,FAC-002,Central Community Hospital,SVC-SRG,General Surgery,21.5,24,25,0.86,0.96,Critical,true,true,true
2025-01-27 00:00:00,FAC-003,South Medical Center,SVC-CHD,Child Health,6.291666666666667,8,13,0.483974358974359,0.6153846153846154,Normal,false,false,false
2025-01-27 00:00:00,FAC-003,South Medical Center,SVC-MAT,Maternal Care,14.416666666666666,15,13,1.108974358974359,1.1538461538461537,Critical,true,true,true
2025-01-27 00:00:00,FAC-003,South Medical Center,SVC-MED,General Medicine,24.083333333333332,26,27,0.8919753086419753,0.9629629629629629,Critical,true,true,true
2025-01-27 00:00:00,FAC-003,South Medical Center,SVC-MHU,Mental Health,9.916666666666666,11,11,0.9015151515151515,1.0,Critical,true,true,true
2025-01-27 00:00:00,FAC-003,South Medical Center,SVC-SRG,General Surgery,13.541666666666666,15,20,0.6770833333333333,0.75,Normal,false,false,false
2025-01-28 00:00:00,FAC-001,North General Hospital,SVC-CHD,Child Health,8.708333333333334,11,19,0.45833333333333337,0.5789473684210527,Normal,false,false,false
2025-01-28 00:00:00,FAC-001,North General Hospital,SVC-MAT,Maternal Care,25.166666666666668,27,18,1.3981481481481481,1.5,Critical,true,true,true
2025-01-28 00:00:00,FAC-001,North General Hospital,SVC-MED,General Medicine,25.333333333333332,27,42,0.6031746031746031,0.6428571428571429,Normal,false,false,false
2025-01-28 00:00:00,FAC-001,North General Hospital,SVC-MHU,Mental Health,12.375,13,15,0.825,0.8666666666666667,High,true,false,false
2025-01-28 00:00:00,FAC-001,North General Hospital,SVC-SRG,General Surgery,25.25,31,30,0.8416666666666667,1.0333333333333334,Critical,true,true,true
2025-01-28 00:00:00,FAC-002,Central Community Hospital,SVC-CHD,Child Health,12.333333333333334,15,14,0.880952380952381,1.0714285714285714,Critical,true,true,true
2025-01-28 00:00:00,FAC-002,Central Community Hospital,SVC-MAT,Maternal Care,20.875,26,17,1.2279411764705883,1.5294117647058822,Critical,true,true,true
2025-01-28 00:00:00,FAC-002,Central Community Hospital,SVC-MED,General Medicine,32.583333333333336,34,32,1.0182291666666667,1.0625,Critical,true,true,true
2025-01-28 00:00:00,FAC-002,Central Community Hospital,SVC-MHU,Mental Health,11.958333333333334,13,13,0.9198717948717949,1.0,Critical,true,true,true
2025-01-28 00:00:00,FAC-002,Central Community Hospital,SVC-SRG,General Surgery,20.208333333333332,22,22,0.918560606060606,1.0,Critical,true,true,true
2025-01-28 00:00:00,FAC-003,South Medical Center,SVC-CHD,Child Health,8.458333333333334,11,13,0.6506410256410257,0.8461538461538461,Normal,false,false,false
2025-01-28 00:00:00,FAC-003,South Medical Center,SVC-MAT,Maternal Care,15.375,17,13,1.1826923076923077,1.3076923076923077,Critical,true,true,true
2025-01-28 00:00:00,FAC-003,South Medical Center,SVC-MED,General Medicine,21.0,23,27,0.7777777777777778,0.8518518518518519,High,true,false,false
2025-01-28 00:00:00,FAC-003,South Medical Center,SVC-MHU,Mental Health,9.708333333333334,11,12,0.8090277777777778,0.9166666666666666,Severe,true,true,false
2025-01-28 00:00:00,FAC-003,South Medical Center,SVC-SRG,General Surgery,14.416666666666666,16,21,0.6865079365079365,0.7619047619047619,Normal,false,false,false
2025-01-29 00:00:00,FAC-001,North General Hospital,SVC-CHD,Child Health,11.791666666666666,15,17,0.6936274509803921,0.8823529411764706,High,true,false,false
2025-01-29 00:00:00,FAC-001,North General Hospital,SVC-MAT,Maternal Care,20.5,25,19,1.0789473684210527,1.3157894736842106,Critical,true,true,true
2025-01-29 00:00:00,FAC-001,North General Hospital,SVC-MED,General Medicine,24.416666666666668,27,42,0.5813492063492064,0.6428571428571429,Normal,false,false,false
2025-01-29 00:00:00,FAC-001,North General Hospital,SVC-MHU,Mental Health,17.083333333333332,20,15,1.1388888888888888,1.3333333333333333,Critical,true,true,true
2025-01-29 00:00:00,FAC-001,North General Hospital,SVC-SRG,General Surgery,30.458333333333332,32,29,1.0502873563218391,1.103448275862069,Critical,true,true,true
2025-01-29 00:00:00,FAC-002,Central Community Hospital,SVC-CHD,Child Health,14.416666666666666,18,16,0.9010416666666666,1.125,Critical,true,true,true
2025-01-29 00:00:00,FAC-002,Central Community Hospital,SVC-MAT,Maternal Care,20.416666666666668,24,15,1.3611111111111112,1.6,Critical,true,true,true
2025-01-29 00:00:00,FAC-002,Central Community Hospital,SVC-MED,General Medicine,30.041666666666668,31,33,0.9103535353535354,0.9393939393939394,Severe,true,true,false
2025-01-29 00:00:00,FAC-002,Central Community Hospital,SVC-MHU,Mental Health,9.875,11,13,0.7596153846153846,0.8461538461538461,Normal,false,false,false
2025-01-29 00:00:00,FAC-002,Central Community Hospital,SVC-SRG,General Surgery,17.583333333333332,21,25,0.7033333333333333,0.84,Normal,false,false,false
2025-01-29 00:00:00,FAC-003,South Medical Center,SVC-CHD,Child Health,8.333333333333334,10,12,0.6944444444444445,0.8333333333333334,Normal,false,false,false
2025-01-29 00:00:00,FAC-003,South Medical Center,SVC-MAT,Maternal Care,13.541666666666666,16,11,1.231060606060606,1.4545454545454546,Critical,true,true,true
2025-01-29 00:00:00,FAC-003,South Medical Center,SVC-MED,General Medicine,24.916666666666668,27,26,0.9583333333333334,1.0384615384615385,Critical,true,true,true
2025-01-29 00:00:00,FAC-003,South Medical Center,SVC-MHU,Mental Health,10.875,12,11,0.9886363636363636,1.0909090909090908,Critical,true,true,true
2025-01-29 00:00:00,FAC-003,South Medical Center,SVC-SRG,General Surgery,14.416666666666666,16,20,0.7208333333333333,0.8,Normal,false,false,false
2025-01-30 00:00:00,FAC-001,North General Hospital,SVC-CHD,Child Health,12.875,14,17,0.7573529411764706,0.8235294117647058,Normal,false,false,false
2025-01-30 00:00:00,FAC-001,North General Hospital,SVC-MAT,Maternal Care,16.833333333333332,19,19,0.8859649122807017,1.0,Critical,true,true,true
2025-01-30 00:00:00,FAC-001,North General Hospital,SVC-MED,General Medicine,23.958333333333332,26,41,0.584349593495935,0.6341463414634146,Normal,false,false,false
2025-01-30 00:00:00,FAC-001,North General Hospital,SVC-MHU,Mental Health,17.583333333333332,20,16,1.0989583333333333,1.25,Critical,true,true,true
2025-01-30 00:00:00,FAC-001,North General Hospital,SVC-SRG,General Surgery,26.625,30,29,0.9181034482758621,1.0344827586206897,Critical,true,true,true
2025-01-30 00:00:00,FAC-002,Central Community Hospital,SVC-CHD,Child Health,17.125,19,15,1.1416666666666666,1.2666666666666666,Critical,true,true,true
2025-01-30 00:00:00,FAC-002,Central Community Hospital,SVC-MAT,Maternal Care,17.416666666666668,20,17,1.0245098039215688,1.1764705882352942,Critical,true,true,true
2025-01-30 00:00:00,FAC-002,Central Community Hospital,SVC-MED,General Medicine,28.041666666666668,31,33,0.8497474747474748,0.9393939393939394,Severe,true,true,false
2025-01-30 00:00:00,FAC-002,Central Community Hospital,SVC-MHU,Mental Health,7.0,8,12,0.5833333333333334,0.6666666666666666,Normal,false,false,false
2025-01-30 00:00:00,FAC-002,Central Community Hospital,SVC-SRG,General Surgery,14.625,16,24,0.609375,0.6666666666666666,Normal,false,false,false
2025-01-30 00:00:00,FAC-003,South Medical Center,SVC-CHD,Child Health,6.25,7,11,0.5681818181818182,0.6363636363636364,Normal,false,false,false
2025-01-30 00:00:00,FAC-003,South Medical Center,SVC-MAT,Maternal Care,12.875,14,14,0.9196428571428571,1.0,Critical,true,true,true
2025-01-30 00:00:00,FAC-003,South Medical Center,SVC-MED,General Medicine,27.5,29,26,1.0576923076923077,1.1153846153846154,Critical,true,true,true
2025-01-30 00:00:00,FAC-003,South Medical Center,SVC-MHU,Mental Health,12.875,14,11,1.1704545454545454,1.2727272727272727,Critical,true,true,true
2025-01-30 00:00:00,FAC-003,South Medical Center,SVC-SRG,General Surgery,14.541666666666666,16,21,0.6924603174603174,0.7619047619047619,Normal,false,false,false
2025-01-31 00:00:00,FAC-001,North General Hospital,SVC-CHD,Child Health,11.916666666666666,13,19,0.6271929824561403,0.6842105263157895,Normal,false,false,false
2025-01-31 00:00:00,FAC-001,North General Hospital,SVC-MAT,Maternal Care,16.625,19,21,0.7916666666666666,0.9047619047619048,Severe,true,true,false
2025-01-31 00:00:00,FAC-001,North General Hospital,SVC-MED,General Medicine,25.916666666666668,28,42,0.6170634920634921,0.6666666666666666,Normal,false,false,false
2025-01-31 00:00:00,FAC-001,North General Hospital,SVC-MHU,Mental Health,20.416666666666668,22,14,1.4583333333333335,1.5714285714285714,Critical,true,true,true
2025-01-31 00:00:00,FAC-001,North General Hospital,SVC-SRG,General Surgery,21.541666666666668,24,29,0.742816091954023,0.8275862068965517,Normal,false,false,false
2025-01-31 00:00:00,FAC-002,Central Community Hospital,SVC-CHD,Child Health,10.875,17,14,0.7767857142857143,1.2142857142857142,Critical,true,true,true
2025-01-31 00:00:00,FAC-002,Central Community Hospital,SVC-MAT,Maternal Care,14.458333333333334,20,16,0.9036458333333334,1.25,Critical,true,true,true
2025-01-31 00:00:00,FAC-002,Central Community Hospital,SVC-MED,General Medicine,22.916666666666668,27,32,0.7161458333333334,0.84375,Normal,false,false,false
2025-01-31 00:00:00,FAC-002,Central Community Hospital,SVC-MHU,Mental Health,8.583333333333334,10,12,0.7152777777777778,0.8333333333333334,Normal,false,false,false
2025-01-31 00:00:00,FAC-002,Central Community Hospital,SVC-SRG,General Surgery,11.583333333333334,14,24,0.4826388888888889,0.5833333333333334,Normal,false,false,false
2025-01-31 00:00:00,FAC-003,South Medical Center,SVC-CHD,Child Health,6.041666666666667,7,12,0.5034722222222222,0.5833333333333334,Normal,false,false,false
2025-01-31 00:00:00,FAC-003,South Medical Center,SVC-MAT,Maternal Care,10.708333333333334,14,14,0.7648809523809524,1.0,Critical,true,true,true
2025-01-31 00:00:00,FAC-003,South Medical Center,SVC-MED,General Medicine,21.416666666666668,26,28,0.7648809523809524,0.9285714285714286,Severe,true,true,false
2025-01-31 00:00:00,FAC-003,South Medical Center,SVC-MHU,Mental Health,10.75,13,11,0.9772727272727273,1.1818181818181819,Critical,true,true,true
2025-01-31 00:00:00,FAC-003,South Medical Center,SVC-SRG,General Surgery,14.0,16,20,0.7,0.8,Normal,false,false,false
2025-02-01 00:00:00,FAC-001,North General Hospital,SVC-CHD,Child Health,11.583333333333334,14,18,0.6435185185185186,0.7777777777777778,Normal,false,false,false
2025-02-01 00:00:00,FAC-001,North General Hospital,SVC-MAT,Maternal Care,19.541666666666668,23,20,0.9770833333333334,1.15,Critical,true,true,true
2025-02-01 00:00:00,FAC-001,North General Hospital,SVC-MED,General Medicine,21.791666666666668,23,40,0.5447916666666667,0.575,Normal,false,false,false
2025-02-01 00:00:00,FAC-001,North General Hospital,SVC-MHU,Mental Health,18.291666666666668,19,13,1.4070512820512822,1.4615384615384615,Critical,true,true,true
2025-02-01 00:00:00,FAC-001,North General Hospital,SVC-SRG,General Surgery,16.875,20,27,0.625,0.7407407407407407,Normal,false,false,false
2025-02-01 00:00:00,FAC-002,Central Community Hospital,SVC-CHD,Child Health,6.583333333333333,9,13,0.5064102564102564,0.6923076923076923,Normal,false,false,false
2025-02-01 00:00:00,FAC-002,Central Community Hospital,SVC-MAT,Maternal Care,9.916666666666666,11,15,0.6611111111111111,0.7333333333333333,Normal,false,false,false
2025-02-01 00:00:00,FAC-002,Central Community Hospital,SVC-MED,General Medicine,19.625,22,30,0.6541666666666667,0.7333333333333333,Normal,false,false,false
2025-02-01 00:00:00,FAC-002,Central Community Hospital,SVC-MHU,Mental Health,9.041666666666666,11,11,0.8219696969696969,1.0,Critical,true,true,true
2025-02-01 00:00:00,FAC-002,Central Community Hospital,SVC-SRG,General Surgery,11.666666666666666,13,23,0.5072463768115941,0.5652173913043478,Normal,false,false,false
2025-02-01 00:00:00,FAC-003,South Medical Center,SVC-CHD,Child Health,4.958333333333333,7,11,0.45075757575757575,0.6363636363636364,Normal,false,false,false
2025-02-01 00:00:00,FAC-003,South Medical Center,SVC-MAT,Maternal Care,9.541666666666666,10,13,0.7339743589743589,0.7692307692307693,Normal,false,false,false
2025-02-01 00:00:00,FAC-003,South Medical Center,SVC-MED,General Medicine,17.541666666666668,19,27,0.6496913580246914,0.7037037037037037,Normal,false,false,false
2025-02-01 00:00:00,FAC-003,South Medical Center,SVC-MHU,Mental Health,8.166666666666666,9,10,0.8166666666666667,0.9,Severe,true,true,false
2025-02-01 00:00:00,FAC-003,South Medical Center,SVC-SRG,General Surgery,9.458333333333334,11,19,0.4978070175438597,0.5789473684210527,Normal,false,false,false
2025-02-02 00:00:00,FAC-001,North General Hospital,SVC-CHD,Child Health,12.666666666666666,14,18,0.7037037037037037,0.7777777777777778,Normal,false,false,false
2025-02-02 00:00:00,FAC-001,North General Hospital,SVC-MAT,Maternal Care,15.958333333333334,18,20,0.7979166666666667,0.9,Severe,true,true,false
2025-02-02 00:00:00,FAC-001,North General Hospital,SVC-MED,General Medicine,27.583333333333332,31,40,0.6895833333333333,0.775,Normal,false,false,false
2025-02-02 00:00:00,FAC-001,North General Hospital,SVC-MHU,Mental Health,16.166666666666668,18,13,1.2435897435897436,1.3846153846153846,Critical,true,true,true
2025-02-02 00:00:00,FAC-001,North General Hospital,SVC-SRG,General Surgery,16.333333333333332,18,27,0.6049382716049382,0.6666666666666666,Normal,false,false,false
2025-02-02 00:00:00,FAC-002,Central Community Hospital,SVC-CHD,Child Health,5.0,6,13,0.38461538461538464,0.46153846153846156,Normal,false,false,false
2025-02-02 00:00:00,FAC-002,Central Community Hospital,SVC-MAT,Maternal Care,9.791666666666666,11,15,0.6527777777777778,0.7333333333333333,Normal,false,false,false
2025-02-02 00:00:00,FAC-002,Central Community Hospital,SVC-MED,General Medicine,17.708333333333332,21,30,0.5902777777777778,0.7,Normal,false,false,false
2025-02-02 00:00:00,FAC-002,Central Community Hospital,SVC-MHU,Mental Health,12.583333333333334,15,11,1.143939393939394,1.3636363636363635,Critical,true,true,true
2025-02-02 00:00:00,FAC-002,Central Community Hospital,SVC-SRG,General Surgery,12.416666666666666,15,23,0.5398550724637681,0.6521739130434783,Normal,false,false,false
2025-02-02 00:00:00,FAC-003,South Medical Center,SVC-CHD,Child Health,4.583333333333333,6,11,0.41666666666666663,0.5454545454545454,Normal,false,false,false
2025-02-02 00:00:00,FAC-003,South Medical Center,SVC-MAT,Maternal Care,9.166666666666666,11,13,0.7051282051282051,0.8461538461538461,Normal,false,false,false
2025-02-02 00:00:00,FAC-003,South Medical Center,SVC-MED,General Medicine,18.125,20,27,0.6712962962962963,0.7407407407407407,Normal,false,false,false
2025-02-02 00:00:00,FAC-003,South Medical Center,SVC-MHU,Mental Health,5.75,8,10,0.575,0.8,Normal,false,false,false
2025-02-02 00:00:00,FAC-003,South Medical Center,SVC-SRG,General Surgery,7.833333333333333,9,19,0.41228070175438597,0.47368421052631576,Normal,false,false,false
2025-02-03 00:00:00,FAC-001,North General Hospital,SVC-CHD,Child Health,14.083333333333334,17,19,0.7412280701754387,0.8947368421052632,High,true,false,false
2025-02-03 00:00:00,FAC-001,North General Hospital,SVC-MAT,Maternal Care,16.833333333333332,19,21,0.8015873015873015,0.9047619047619048,Severe,true,true,false
2025-02-03 00:00:00,FAC-001,North General Hospital,SVC-MED,General Medicine,27.166666666666668,30,42,0.6468253968253969,0.7142857142857143,Normal,false,false,false
2025-02-03 00:00:00,FAC-001,North General Hospital,SVC-MHU,Mental Health,16.083333333333332,17,14,1.1488095238095237,1.2142857142857142,Critical,true,true,true
2025-02-03 00:00:00,FAC-001,North General Hospital,SVC-SRG,General Surgery,20.083333333333332,22,29,0.6925287356321839,0.7586206896551724,Normal,false,false,false
2025-02-03 00:00:00,FAC-002,Central Community Hospital,SVC-CHD,Child Health,4.166666666666667,5,14,0.2976190476190476,0.35714285714285715,Normal,false,false,false
2025-02-03 00:00:00,FAC-002,Central Community Hospital,SVC-MAT,Maternal Care,9.666666666666666,11,16,0.6041666666666666,0.6875,Normal,false,false,false
2025-02-03 00:00:00,FAC-002,Central Community Hospital,SVC-MED,General Medicine,17.208333333333332,19,32,0.5377604166666666,0.59375,Normal,false,false,false
2025-02-03 00:00:00,FAC-002,Central Community Hospital,SVC-MHU,Mental Health,14.291666666666666,16,12,1.190972222222222,1.3333333333333333,Critical,true,true,true
2025-02-03 00:00:00,FAC-002,Central Community Hospital,SVC-SRG,General Surgery,8.958333333333334,11,24,0.3732638888888889,0.4583333333333333,Normal,false,false,false
2025-02-03 00:00:00,FAC-003,South Medical Center,SVC-CHD,Child Health,4.083333333333333,5,12,0.34027777777777773,0.4166666666666667,Normal,false,false,false
2025-02-03 00:00:00,FAC-003,South Medical Center,SVC-MAT,Maternal Care,6.833333333333333,8,14,0.4880952380952381,0.5714285714285714,Normal,false,false,false
2025-02-03 00:00:00,FAC-003,South Medical Center,SVC-MED,General Medicine,17.916666666666668,20,28,0.6398809523809524,0.7142857142857143,Normal,false,false,false
2025-02-03 00:00:00,FAC-003,South Medical Center,SVC-MHU,Mental Health,5.333333333333333,6,11,0.4848484848484848,0.5454545454545454,Normal,false,false,false
2025-02-03 00:00:00,FAC-003,South Medical Center,SVC-SRG,General Surgery,8.333333333333334,9,20,0.4166666666666667,0.45,Normal,false,false,false
2025-02-04 00:00:00,FAC-001,North General Hospital,SVC-CHD,Child Health,14.416666666666666,18,19,0.7587719298245613,0.9473684210526315,Severe,true,true,false
2025-02-04 00:00:00,FAC-001,North General Hospital,SVC-MAT,Maternal Care,19.916666666666668,22,21,0.9484126984126985,1.0476190476190477,Critical,true,true,true
2025-02-04 00:00:00,FAC-001,North General Hospital,SVC-MED,General Medicine,28.5,31,42,0.6785714285714286,0.7380952380952381,Normal,false,false,false
2025-02-04 00:00:00,FAC-001,North General Hospital,SVC-MHU,Mental Health,11.833333333333334,15,14,0.8452380952380952,1.0714285714285714,Critical,true,true,true
2025-02-04 00:00:00,FAC-001,North General Hospital,SVC-SRG,General Surgery,19.958333333333332,22,29,0.6882183908045977,0.7586206896551724,Normal,false,false,false
2025-02-04 00:00:00,FAC-002,Central Community Hospital,SVC-CHD,Child Health,4.541666666666667,5,14,0.3244047619047619,0.35714285714285715,Normal,false,false,false
2025-02-04 00:00:00,FAC-002,Central Community Hospital,SVC-MAT,Maternal Care,10.875,14,16,0.6796875,0.875,High,true,false,false
2025-02-04 00:00:00,FAC-002,Central Community Hospital,SVC-MED,General Medicine,20.291666666666668,22,32,0.6341145833333334,0.6875,Normal,false,false,false
2025-02-04 00:00:00,FAC-002,Central Community Hospital,SVC-MHU,Mental Health,15.416666666666666,17,12,1.284722222222222,1.4166666666666667,Critical,true,true,true
2025-02-04 00:00:00,FAC-002,Central Community Hospital,SVC-SRG,General Surgery,7.125,10,24,0.296875,0.4166666666666667,Normal,false,false,false
2025-02-04 00:00:00,FAC-003,South Medical Center,SVC-CHD,Child Health,3.25,4,12,0.2708333333333333,0.3333333333333333,Normal,false,false,false
2025-02-04 00:00:00,FAC-003,South Medical Center,SVC-MAT,Maternal Care,4.75,6,14,0.3392857142857143,0.42857142857142855,Normal,false,false,false
2025-02-04 00:00:00,FAC-003,South Medical Center,SVC-MED,General Medicine,17.083333333333332,19,28,0.6101190476190476,0.6785714285714286,Normal,false,false,false
2025-02-04 00:00:00,FAC-003,South Medical Center,SVC-MHU,Mental Health,6.125,7,11,0.5568181818181818,0.6363636363636364,Normal,false,false,false
2025-02-04 00:00:00,FAC-003,South Medical Center,SVC-SRG,General Surgery,6.958333333333333,8,20,0.34791666666666665,0.4,Normal,false,false,false
